{
  "project_info": {
    "project_number": "393860046374",
    "firebase_url": "https://trabajo-de-grado-f9cb8.firebaseio.com",
    "project_id": "trabajo-de-grado-f9cb8",
    "storage_bucket": "trabajo-de-grado-f9cb8.appspot.com"
  },
  "client": [
    {
      "client_info": {
        "mobilesdk_app_id": "1:393860046374:android:41140ab9e7f67c85",
        "android_client_info": {
          "package_name": "com.guideme.application.android"
        }
      },
      "oauth_client": [
        {
          "client_id": "393860046374-mg2v2fcut56kcmlb819g90ffb3ffd687.apps.googleusercontent.com",
          "client_type": 1,
          "android_info": {
            "package_name": "com.guideme.application.android",
            "certificate_hash": "122bc76cb48ce117069c5ee110fd77a2436645c9"
          }
        },
        {
          "client_id": "393860046374-cfhn1aih2l9ht952i5v972qdgjuk4juq.apps.googleusercontent.com",
          "client_type": 1,
          "android_info": {
            "package_name": "com.guideme.application.android",
            "certificate_hash": "0f2e86fa05170ce77374c32ac269a4dbb5179af2"
          }
        },
        {
          "client_id": "393860046374-ji7kc28d97a83201hje1n18jg58bu4ev.apps.googleusercontent.com",
          "client_type": 1,
          "android_info": {
            "package_name": "com.guideme.application.android",
            "certificate_hash": "8b922038791a476db18a3d5f132f1caffd4edb38"
          }
        },
        {
          "client_id": "393860046374-guomnnjcnbgc3fq46e1on2kovcqo9uo8.apps.googleusercontent.com",
          "client_type": 3
        }
      ],
      "api_key": [
        {
          "current_key": "AIzaSyCbkUoapcLndCcpbFAXy1yvkmMGnBhpNEw"
        }
      ],
      "services": {
        "analytics_service": {
          "status": 1
        },
        "appinvite_service": {
          "status": 2,
          "other_platform_oauth_client": [
            {
              "client_id": "393860046374-i7jlk31ot04kv07sj0mhjt7fjnp7vqcm.apps.googleusercontent.com",
              "client_type": 3
            }
          ]
        },
        "ads_service": {
          "status": 2
        }
      }
    }
  ],
  "configuration_version": "1"
}